{
  "1": {
    "avg@k": 0.5905989385898408,
    "pass@k": 0.5905989385898408
  },
  "2": {
    "avg@k": 0.5871872630780894,
    "pass@k": 0.6952236542835482
  },
  "3": {
    "avg@k": 0.5911043719989891,
    "pass@k": 0.7467778620166793
  },
  "4": {
    "avg@k": 0.590978013646702,
    "pass@k": 0.7824109173616376
  }
}