{
  "1": {
    "avg@k": 0.608,
    "pass@k": 0.608
  },
  "2": {
    "avg@k": 0.6175,
    "pass@k": 0.714
  },
  "3": {
    "avg@k": 0.627,
    "pass@k": 0.784
  },
  "4": {
    "avg@k": 0.63025,
    "pass@k": 0.813
  },
  "5": {
    "avg@k": 0.6296,
    "pass@k": 0.826
  },
  "6": {
    "avg@k": 0.6298333333333334,
    "pass@k": 0.839
  },
  "7": {
    "avg@k": 0.6291428571428572,
    "pass@k": 0.851
  },
  "8": {
    "avg@k": 0.63,
    "pass@k": 0.862
  }
}