{
  "1": {
    "avg@k": 0.5822592873388931,
    "pass@k": 0.5822592873388931
  },
  "2": {
    "avg@k": 0.5868081880212282,
    "pass@k": 0.7012888551933283
  },
  "3": {
    "avg@k": 0.5857973212029315,
    "pass@k": 0.7520849128127369
  },
  "4": {
    "avg@k": 0.5849128127369219,
    "pass@k": 0.77710386656558
  },
  "5": {
    "avg@k": 0.5858984078847611,
    "pass@k": 0.7952994692949203
  },
  "6": {
    "avg@k": 0.5854182461460703,
    "pass@k": 0.8074298711144806
  },
  "7": {
    "avg@k": 0.5864832665439186,
    "pass@k": 0.8256254738438211
  },
  "8": {
    "avg@k": 0.5878506444275967,
    "pass@k": 0.8339651250947687
  }
}