{
  "1": {
    "avg@k": 0.607,
    "pass@k": 0.607
  },
  "2": {
    "avg@k": 0.5975,
    "pass@k": 0.703
  },
  "3": {
    "avg@k": 0.5993333333333333,
    "pass@k": 0.753
  },
  "4": {
    "avg@k": 0.59625,
    "pass@k": 0.781
  },
  "5": {
    "avg@k": 0.5988,
    "pass@k": 0.802
  },
  "6": {
    "avg@k": 0.5978333333333332,
    "pass@k": 0.822
  },
  "7": {
    "avg@k": 0.5972857142857142,
    "pass@k": 0.835
  },
  "8": {
    "avg@k": 0.596625,
    "pass@k": 0.85
  }
}