{
  "1": {
    "avg@k": 0.626,
    "pass@k": 0.626
  },
  "2": {
    "avg@k": 0.614,
    "pass@k": 0.716
  },
  "3": {
    "avg@k": 0.6123333333333333,
    "pass@k": 0.77
  },
  "4": {
    "avg@k": 0.61525,
    "pass@k": 0.802
  },
  "5": {
    "avg@k": 0.6134,
    "pass@k": 0.816
  },
  "6": {
    "avg@k": 0.6151666666666668,
    "pass@k": 0.827
  },
  "7": {
    "avg@k": 0.6122857142857142,
    "pass@k": 0.836
  },
  "8": {
    "avg@k": 0.613375,
    "pass@k": 0.85
  }
}