{
  "1": {
    "avg@k": 0.623,
    "pass@k": 0.623
  },
  "2": {
    "avg@k": 0.6115,
    "pass@k": 0.716
  },
  "3": {
    "avg@k": 0.6093333333333333,
    "pass@k": 0.754
  },
  "4": {
    "avg@k": 0.611,
    "pass@k": 0.794
  },
  "5": {
    "avg@k": 0.6095999999999999,
    "pass@k": 0.814
  },
  "6": {
    "avg@k": 0.609,
    "pass@k": 0.828
  },
  "7": {
    "avg@k": 0.6092857142857143,
    "pass@k": 0.839
  },
  "8": {
    "avg@k": 0.6095,
    "pass@k": 0.848
  }
}