{
  "1": {
    "avg@k": 0.632,
    "pass@k": 0.632
  },
  "2": {
    "avg@k": 0.62825,
    "pass@k": 0.749
  },
  "3": {
    "avg@k": 0.6268333333333332,
    "pass@k": 0.801
  },
  "4": {
    "avg@k": 0.623,
    "pass@k": 0.8355
  },
  "5": {
    "avg@k": 0.6226999999999999,
    "pass@k": 0.8575
  },
  "6": {
    "avg@k": 0.6218333333333333,
    "pass@k": 0.8695
  },
  "7": {
    "avg@k": 0.6221428571428571,
    "pass@k": 0.8815
  },
  "8": {
    "avg@k": 0.6223125,
    "pass@k": 0.8905
  }
}