{
  "1": {
    "avg@k": 0.627,
    "pass@k": 0.627
  },
  "2": {
    "avg@k": 0.6135,
    "pass@k": 0.72
  },
  "3": {
    "avg@k": 0.616,
    "pass@k": 0.768
  },
  "4": {
    "avg@k": 0.61425,
    "pass@k": 0.806
  },
  "5": {
    "avg@k": 0.617,
    "pass@k": 0.83
  },
  "6": {
    "avg@k": 0.6181666666666668,
    "pass@k": 0.84
  },
  "7": {
    "avg@k": 0.6161428571428571,
    "pass@k": 0.846
  },
  "8": {
    "avg@k": 0.6135,
    "pass@k": 0.851
  }
}