{
  "1": {
    "avg@k": 0.626,
    "pass@k": 0.626
  },
  "2": {
    "avg@k": 0.6265,
    "pass@k": 0.747
  },
  "3": {
    "avg@k": 0.6285,
    "pass@k": 0.8005
  },
  "4": {
    "avg@k": 0.63075,
    "pass@k": 0.834
  },
  "5": {
    "avg@k": 0.6305999999999999,
    "pass@k": 0.8555
  },
  "6": {
    "avg@k": 0.6285,
    "pass@k": 0.8695
  },
  "7": {
    "avg@k": 0.628,
    "pass@k": 0.8765
  },
  "8": {
    "avg@k": 0.6286875,
    "pass@k": 0.887
  }
}