{
  "total_count": 120,
  "correct_count": 92,
  "accuracy": 0.7666666666666667,
  "num_problems": 30,
  "avg_rollouts_per_problem": 4.0,
  "pass_at_k": {
    "pass@1": 0.7666666666666667,
    "pass@2": 0.8444444444444444,
    "pass@3": 0.8583333333333333,
    "pass@4": 0.8666666666666667
  },
  "k_values": [
    1,
    2,
    3,
    4
  ]
}