{
  "1": {
    "avg@k": 0.63,
    "pass@k": 0.63
  },
  "2": {
    "avg@k": 0.6265,
    "pass@k": 0.735
  },
  "3": {
    "avg@k": 0.6186666666666667,
    "pass@k": 0.774
  },
  "4": {
    "avg@k": 0.61475,
    "pass@k": 0.802
  },
  "5": {
    "avg@k": 0.6142000000000001,
    "pass@k": 0.82
  },
  "6": {
    "avg@k": 0.6133333333333333,
    "pass@k": 0.833
  },
  "7": {
    "avg@k": 0.6138571428571429,
    "pass@k": 0.84
  },
  "8": {
    "avg@k": 0.614625,
    "pass@k": 0.848
  }
}