{
  "1": {
    "avg@k": 0.631,
    "pass@k": 0.631
  },
  "2": {
    "avg@k": 0.634,
    "pass@k": 0.736
  },
  "3": {
    "avg@k": 0.6303333333333333,
    "pass@k": 0.776
  },
  "4": {
    "avg@k": 0.633,
    "pass@k": 0.804
  },
  "5": {
    "avg@k": 0.64,
    "pass@k": 0.833
  },
  "6": {
    "avg@k": 0.6366666666666667,
    "pass@k": 0.846
  },
  "7": {
    "avg@k": 0.6342857142857143,
    "pass@k": 0.853
  },
  "8": {
    "avg@k": 0.635,
    "pass@k": 0.857
  }
}