{
  "1": {
    "avg@k": 0.6135,
    "pass@k": 0.6135
  },
  "2": {
    "avg@k": 0.61225,
    "pass@k": 0.744
  },
  "3": {
    "avg@k": 0.614,
    "pass@k": 0.8
  },
  "4": {
    "avg@k": 0.6135,
    "pass@k": 0.833
  },
  "5": {
    "avg@k": 0.6133000000000001,
    "pass@k": 0.8515
  },
  "6": {
    "avg@k": 0.6111666666666667,
    "pass@k": 0.8665
  },
  "7": {
    "avg@k": 0.609,
    "pass@k": 0.8745
  },
  "8": {
    "avg@k": 0.60725,
    "pass@k": 0.88
  }
}