{
  "1": {
    "avg@k": 0.609,
    "pass@k": 0.609
  },
  "2": {
    "avg@k": 0.611,
    "pass@k": 0.709
  },
  "3": {
    "avg@k": 0.6123333333333333,
    "pass@k": 0.76
  },
  "4": {
    "avg@k": 0.60725,
    "pass@k": 0.788
  },
  "5": {
    "avg@k": 0.609,
    "pass@k": 0.803
  },
  "6": {
    "avg@k": 0.6123333333333333,
    "pass@k": 0.821
  },
  "7": {
    "avg@k": 0.612,
    "pass@k": 0.834
  },
  "8": {
    "avg@k": 0.6125,
    "pass@k": 0.844
  }
}