{
  "1": {
    "avg@k": 0.5806666666666667,
    "pass@k": 0.5806666666666667
  },
  "2": {
    "avg@k": 0.579,
    "pass@k": 0.7113333333333334
  },
  "3": {
    "avg@k": 0.5817777777777777,
    "pass@k": 0.7673333333333333
  },
  "4": {
    "avg@k": 0.579,
    "pass@k": 0.806
  },
  "5": {
    "avg@k": 0.5808,
    "pass@k": 0.8366666666666667
  },
  "6": {
    "avg@k": 0.5847777777777777,
    "pass@k": 0.852
  },
  "7": {
    "avg@k": 0.5854285714285714,
    "pass@k": 0.8646666666666667
  },
  "8": {
    "avg@k": 0.5844166666666667,
    "pass@k": 0.8686666666666667
  }
}