{
  "1": {
    "avg@k": 0.603,
    "pass@k": 0.603
  },
  "2": {
    "avg@k": 0.6005,
    "pass@k": 0.706
  },
  "3": {
    "avg@k": 0.6023333333333334,
    "pass@k": 0.75
  },
  "4": {
    "avg@k": 0.60525,
    "pass@k": 0.783
  },
  "5": {
    "avg@k": 0.6058000000000001,
    "pass@k": 0.803
  },
  "6": {
    "avg@k": 0.6066666666666666,
    "pass@k": 0.819
  },
  "7": {
    "avg@k": 0.608,
    "pass@k": 0.829
  },
  "8": {
    "avg@k": 0.608875,
    "pass@k": 0.833
  }
}