{
  "1": {
    "avg@k": 0.617,
    "pass@k": 0.617
  },
  "2": {
    "avg@k": 0.6165,
    "pass@k": 0.724
  },
  "3": {
    "avg@k": 0.6116666666666666,
    "pass@k": 0.755
  },
  "4": {
    "avg@k": 0.60975,
    "pass@k": 0.788
  },
  "5": {
    "avg@k": 0.6092,
    "pass@k": 0.811
  },
  "6": {
    "avg@k": 0.6061666666666666,
    "pass@k": 0.817
  },
  "7": {
    "avg@k": 0.6045714285714285,
    "pass@k": 0.825
  },
  "8": {
    "avg@k": 0.607625,
    "pass@k": 0.839
  }
}