{
  "1": {
    "avg@k": 0.599,
    "pass@k": 0.599
  },
  "2": {
    "avg@k": 0.5961666666666666,
    "pass@k": 0.7296666666666667
  },
  "3": {
    "avg@k": 0.5952222222222222,
    "pass@k": 0.781
  },
  "4": {
    "avg@k": 0.5935833333333334,
    "pass@k": 0.8166666666666667
  },
  "5": {
    "avg@k": 0.5929333333333334,
    "pass@k": 0.8383333333333334
  },
  "6": {
    "avg@k": 0.5953333333333334,
    "pass@k": 0.86
  },
  "7": {
    "avg@k": 0.5954761904761904,
    "pass@k": 0.8733333333333333
  },
  "8": {
    "avg@k": 0.5923333333333334,
    "pass@k": 0.879
  }
}