{
  "1": {
    "avg@k": 0.5835,
    "pass@k": 0.5835
  },
  "2": {
    "avg@k": 0.58675,
    "pass@k": 0.721
  },
  "3": {
    "avg@k": 0.5908333333333333,
    "pass@k": 0.785
  },
  "4": {
    "avg@k": 0.588375,
    "pass@k": 0.813
  },
  "5": {
    "avg@k": 0.5899000000000001,
    "pass@k": 0.8415
  },
  "6": {
    "avg@k": 0.5899166666666668,
    "pass@k": 0.866
  },
  "7": {
    "avg@k": 0.5905,
    "pass@k": 0.8745
  },
  "8": {
    "avg@k": 0.5893125,
    "pass@k": 0.8825
  }
}