{
  "total_count": 120,
  "correct_count": 81,
  "accuracy": 0.675,
  "num_problems": 30,
  "avg_rollouts_per_problem": 4.0,
  "pass_at_k": {
    "pass@1": 0.675,
    "pass@2": 0.7777777777777778,
    "pass@3": 0.8083333333333333,
    "pass@4": 0.8333333333333334
  },
  "k_values": [
    1,
    2,
    3,
    4
  ]
}