{
  "1": {
    "avg@k": 0.581,
    "pass@k": 0.581
  },
  "2": {
    "avg@k": 0.57875,
    "pass@k": 0.708
  },
  "3": {
    "avg@k": 0.5801666666666667,
    "pass@k": 0.7685
  },
  "4": {
    "avg@k": 0.582,
    "pass@k": 0.804
  },
  "5": {
    "avg@k": 0.5808000000000001,
    "pass@k": 0.8315
  },
  "6": {
    "avg@k": 0.58025,
    "pass@k": 0.848
  },
  "7": {
    "avg@k": 0.5825,
    "pass@k": 0.857
  },
  "8": {
    "avg@k": 0.583625,
    "pass@k": 0.8685
  }
}