{
  "1": {
    "avg@k": 0.6025,
    "pass@k": 0.6025
  },
  "2": {
    "avg@k": 0.6015,
    "pass@k": 0.735
  },
  "3": {
    "avg@k": 0.5973333333333333,
    "pass@k": 0.7855
  },
  "4": {
    "avg@k": 0.593125,
    "pass@k": 0.819
  },
  "5": {
    "avg@k": 0.5935,
    "pass@k": 0.8385
  },
  "6": {
    "avg@k": 0.5930833333333334,
    "pass@k": 0.8525
  },
  "7": {
    "avg@k": 0.5922857142857142,
    "pass@k": 0.865
  },
  "8": {
    "avg@k": 0.58975,
    "pass@k": 0.8715
  }
}