{
  "1": {
    "avg@k": 0.632,
    "pass@k": 0.632
  },
  "2": {
    "avg@k": 0.6335,
    "pass@k": 0.735
  },
  "3": {
    "avg@k": 0.6376666666666667,
    "pass@k": 0.78
  },
  "4": {
    "avg@k": 0.636,
    "pass@k": 0.803
  },
  "5": {
    "avg@k": 0.6342000000000001,
    "pass@k": 0.82
  },
  "6": {
    "avg@k": 0.6321666666666668,
    "pass@k": 0.837
  },
  "7": {
    "avg@k": 0.63,
    "pass@k": 0.848
  },
  "8": {
    "avg@k": 0.630875,
    "pass@k": 0.858
  }
}