{
  "1": {
    "avg@k": 0.611,
    "pass@k": 0.611
  },
  "2": {
    "avg@k": 0.6105,
    "pass@k": 0.719
  },
  "3": {
    "avg@k": 0.6116666666666666,
    "pass@k": 0.773
  },
  "4": {
    "avg@k": 0.614,
    "pass@k": 0.803
  },
  "5": {
    "avg@k": 0.6152000000000001,
    "pass@k": 0.82
  },
  "6": {
    "avg@k": 0.615,
    "pass@k": 0.835
  },
  "7": {
    "avg@k": 0.6118571428571429,
    "pass@k": 0.843
  },
  "8": {
    "avg@k": 0.612125,
    "pass@k": 0.848
  }
}