{
  "1": {
    "avg@k": 0.582,
    "pass@k": 0.582
  },
  "2": {
    "avg@k": 0.5895,
    "pass@k": 0.724
  },
  "3": {
    "avg@k": 0.5893333333333333,
    "pass@k": 0.783
  },
  "4": {
    "avg@k": 0.587875,
    "pass@k": 0.813
  },
  "5": {
    "avg@k": 0.588,
    "pass@k": 0.833
  },
  "6": {
    "avg@k": 0.588,
    "pass@k": 0.847
  },
  "7": {
    "avg@k": 0.5872857142857142,
    "pass@k": 0.856
  },
  "8": {
    "avg@k": 0.58675,
    "pass@k": 0.8695
  }
}