{
  "1": {
    "avg@k": 0.6,
    "pass@k": 0.6
  },
  "2": {
    "avg@k": 0.60075,
    "pass@k": 0.7315
  },
  "3": {
    "avg@k": 0.5945,
    "pass@k": 0.784
  },
  "4": {
    "avg@k": 0.592625,
    "pass@k": 0.8155
  },
  "5": {
    "avg@k": 0.591,
    "pass@k": 0.839
  },
  "6": {
    "avg@k": 0.5894166666666666,
    "pass@k": 0.8515
  },
  "7": {
    "avg@k": 0.5893571428571428,
    "pass@k": 0.8655
  },
  "8": {
    "avg@k": 0.5873125,
    "pass@k": 0.8745
  }
}