{
  "1": {
    "avg@k": 0.592,
    "pass@k": 0.592
  },
  "2": {
    "avg@k": 0.595,
    "pass@k": 0.7245
  },
  "3": {
    "avg@k": 0.59,
    "pass@k": 0.7765
  },
  "4": {
    "avg@k": 0.592,
    "pass@k": 0.804
  },
  "5": {
    "avg@k": 0.5877,
    "pass@k": 0.826
  },
  "6": {
    "avg@k": 0.588,
    "pass@k": 0.839
  },
  "7": {
    "avg@k": 0.5876428571428571,
    "pass@k": 0.852
  },
  "8": {
    "avg@k": 0.5875625,
    "pass@k": 0.8645
  }
}